threshold,tn,fp,fn,tp,total_cost
0.01,36188,9302,5,74,9352.0
0.02,38971,6519,6,73,6579.0
0.03,40259,5231,6,73,5291.0
0.04,40992,4498,6,73,4558.0
0.05,41468,4022,6,73,4082.0
0.06,41885,3605,6,73,3665.0
0.07,42152,3338,6,73,3398.0
0.08,42378,3112,6,73,3172.0
0.09,42600,2890,8,71,2970.0
0.1,42771,2719,8,71,2799.0
0.11,42925,2565,8,71,2645.0
0.12,43054,2436,8,71,2516.0
0.13,43178,2312,8,71,2392.0
0.14,43281,2209,8,71,2289.0
0.15,43397,2093,8,71,2173.0
0.16,43479,2011,8,71,2091.0
0.17,43536,1954,8,71,2034.0
0.18,43602,1888,8,71,1968.0
0.19,43675,1815,8,71,1895.0
0.2,43728,1762,8,71,1842.0
0.21,43777,1713,8,71,1793.0
0.22,43830,1660,8,71,1740.0
0.23,43886,1604,8,71,1684.0
0.24,43923,1567,8,71,1647.0
0.25,43967,1523,8,71,1603.0
0.26,44007,1483,9,70,1573.0
0.27,44046,1444,9,70,1534.0
0.28,44082,1408,9,70,1498.0
0.29,44108,1382,9,70,1472.0
0.3,44133,1357,9,70,1447.0
0.31,44158,1332,9,70,1422.0
0.32,44182,1308,9,70,1398.0
0.33,44211,1279,9,70,1369.0
0.34,44243,1247,9,70,1337.0
0.35,44261,1229,9,70,1319.0
0.36,44295,1195,9,70,1285.0
0.37,44320,1170,9,70,1260.0
0.38,44345,1145,9,70,1235.0
0.39,44366,1124,9,70,1214.0
0.4,44386,1104,9,70,1194.0
0.41,44410,1080,9,70,1170.0
0.42,44433,1057,9,70,1147.0
0.43,44449,1041,9,70,1131.0
0.44,44478,1012,9,70,1102.0
0.45,44508,982,9,70,1072.0
0.46,44531,959,9,70,1049.0
0.47,44548,942,9,70,1032.0
0.48,44565,925,9,70,1015.0
0.49,44592,898,9,70,988.0
0.5,44609,881,9,70,971.0
0.51,44628,862,9,70,952.0
0.52,44646,844,9,70,934.0
0.53,44664,826,9,70,916.0
0.54,44685,805,9,70,895.0
0.55,44705,785,9,70,875.0
0.56,44725,765,9,70,855.0
0.57,44742,748,10,69,848.0
0.58,44760,730,10,69,830.0
0.59,44776,714,10,69,814.0
0.6,44791,699,10,69,799.0
0.61,44822,668,10,69,768.0
0.62,44846,644,10,69,744.0
0.63,44860,630,10,69,730.0
0.64,44883,607,10,69,707.0
0.65,44907,583,10,69,683.0
0.66,44930,560,10,69,660.0
0.67,44949,541,10,69,641.0
0.68,44969,521,10,69,621.0
0.69,44987,503,10,69,603.0
0.7,45012,478,10,69,578.0
0.71,45034,456,10,69,556.0
0.72,45055,435,10,69,535.0
0.73,45076,414,10,69,514.0
0.74,45093,397,10,69,497.0
0.75,45108,382,10,69,482.0
0.76,45136,354,10,69,454.0
0.77,45148,342,10,69,442.0
0.78,45168,322,10,69,422.0
0.79,45183,307,10,69,407.0
0.8,45194,296,10,69,396.0
0.81,45211,279,10,69,379.0
0.82,45233,257,10,69,357.0
0.83,45253,237,11,68,347.0
0.84,45280,210,11,68,320.0
0.85,45290,200,11,68,310.0
0.86,45308,182,11,68,292.0
0.87,45318,172,11,68,282.0
0.88,45334,156,11,68,266.0
0.89,45344,146,12,67,266.0
0.9,45353,137,12,67,257.0
0.91,45363,127,12,67,247.0
0.92,45372,118,12,67,238.0
0.93,45393,97,13,66,227.0
0.94,45407,83,13,66,213.0
0.95,45420,70,14,65,210.0
0.96,45440,50,14,65,190.0
0.97,45452,38,14,65,178.0
0.98,45466,24,14,65,164.0
0.99,45475,15,16,63,175.0
